{
  "timestamp": "2026-01-19T15:19:25.986336",
  "models": {
    "rf": {
      "accuracy": 0.5075,
      "precision": 0.0,
      "recall": 0.0,
      "f1_score": 0.0,
      "classification_report": {
        "Legitimate": {
          "precision": 0.5075,
          "recall": 1.0,
          "f1-score": 0.6733001658374793,
          "support": 203.0
        },
        "Evil Twin": {
          "precision": 0.0,
          "recall": 0.0,
          "f1-score": 0.0,
          "support": 197.0
        },
        "accuracy": 0.5075,
        "macro avg": {
          "precision": 0.25375,
          "recall": 0.5,
          "f1-score": 0.33665008291873966,
          "support": 400.0
        },
        "weighted avg": {
          "precision": 0.25755625,
          "recall": 0.5075,
          "f1-score": 0.34169983416252075,
          "support": 400.0
        }
      }
    },
    "gb": {
      "accuracy": 0.5075,
      "precision": 0.0,
      "recall": 0.0,
      "f1_score": 0.0,
      "classification_report": {
        "Legitimate": {
          "precision": 0.5075,
          "recall": 1.0,
          "f1-score": 0.6733001658374793,
          "support": 203.0
        },
        "Evil Twin": {
          "precision": 0.0,
          "recall": 0.0,
          "f1-score": 0.0,
          "support": 197.0
        },
        "accuracy": 0.5075,
        "macro avg": {
          "precision": 0.25375,
          "recall": 0.5,
          "f1-score": 0.33665008291873966,
          "support": 400.0
        },
        "weighted avg": {
          "precision": 0.25755625,
          "recall": 0.5075,
          "f1-score": 0.34169983416252075,
          "support": 400.0
        }
      }
    },
    "ensemble_rf": {
      "accuracy": 0.5075,
      "precision": 0.0,
      "recall": 0.0,
      "f1_score": 0.0,
      "classification_report": {
        "Legitimate": {
          "precision": 0.5075,
          "recall": 1.0,
          "f1-score": 0.6733001658374793,
          "support": 203.0
        },
        "Evil Twin": {
          "precision": 0.0,
          "recall": 0.0,
          "f1-score": 0.0,
          "support": 197.0
        },
        "accuracy": 0.5075,
        "macro avg": {
          "precision": 0.25375,
          "recall": 0.5,
          "f1-score": 0.33665008291873966,
          "support": 400.0
        },
        "weighted avg": {
          "precision": 0.25755625,
          "recall": 0.5075,
          "f1-score": 0.34169983416252075,
          "support": 400.0
        }
      }
    },
    "ensemble_gb": {
      "accuracy": 0.5075,
      "precision": 0.0,
      "recall": 0.0,
      "f1_score": 0.0,
      "classification_report": {
        "Legitimate": {
          "precision": 0.5075,
          "recall": 1.0,
          "f1-score": 0.6733001658374793,
          "support": 203.0
        },
        "Evil Twin": {
          "precision": 0.0,
          "recall": 0.0,
          "f1-score": 0.0,
          "support": 197.0
        },
        "accuracy": 0.5075,
        "macro avg": {
          "precision": 0.25375,
          "recall": 0.5,
          "f1-score": 0.33665008291873966,
          "support": 400.0
        },
        "weighted avg": {
          "precision": 0.25755625,
          "recall": 0.5075,
          "f1-score": 0.34169983416252075,
          "support": 400.0
        }
      }
    }
  }
}